"","prob","word","source","log_spanish"
"1",0.00141964215035998,"opciones","spanish",-6.55735044591676
"2",0.000287310044952765,"viaje","spanish",-8.1549486293018
"3",0.000172226774896485,"largo","spanish",-8.66669849085378
"4",8.19051785488126e-05,"barco","spanish",-9.40994833895996
"5",0.00124652173394624,"tejas","spanish",-6.68739821917494
"6",0.00124652173394624,"texas","spanish",-6.68739821917494
"7",0.000465571870492375,"españa","spanish",-7.6722440789813
"8",0.000717070560000122,"días","spanish",-7.24033631216459
"9",0.00198213680006224,"calorías","spanish",-6.22357982423408
"10",0.000788707483141495,"plaza","spanish",-7.14511504966126
"11",0.00232463730339408,"quiero","spanish",-6.06419125065204
"12",0.00711746745746156,"asiento","spanish",-4.94520331100918
"13",0.00134355527651772,"lluvia","spanish",-6.61243598708728
"14",0.00277622609822744,"ayer","spanish",-5.88666279216597
"15",0.00601972332975961,"abierto","spanish",-5.11271397922923
"16",0.00311860273560581,"buscar","spanish",-5.77037021862353
"17",0.000416834427373356,"peso","spanish",-7.78282147167196
"18",0.00114559062904468,"encima","spanish",-6.77183494174536
"19",0.00190752084015352,"saber","spanish",-6.26195086948997
"20",0.000402570616862865,"foto","spanish",-7.81764003087241
"21",0.000983964945007195,"película","spanish",-6.92392028653929
"22",0.00100138487673987,"reunión","spanish",-6.90637136029963
"23",0.00131040711804948,"decir","spanish",-6.63741741291328
"24",0.00451767485311575,"trabajar","spanish",-5.39975783052126
"25",0.00335883996676206,"viajar","spanish",-5.69615961260631
"26",4.05228486435749e-05,"pozo","spanish",-10.1136445788936
"27",0.000892318474801213,"sobre","spanish",-7.02168745457542
"28",5.06400856622041e-05,"tipo","spanish",-9.89076708853808
"29",1.18897779766063e-05,"pizza","spanish",-11.3398315205557
"30",0.00412890100557028,"parece","spanish",-5.48974400776635
"31",0.000526152961928168,"español","spanish",-7.54991858535651
"32",0.000271501596711907,"poco","spanish",-8.21154253753241
"33",0.000871193050010125,"falta","spanish",-7.04564696386802
"34",0.00335073853872077,"contar","spanish",-5.69857449812311
"35",0.00225587700180844,"mañana","spanish",-6.0942164673076
"36",0.000347224380333543,"mucho","spanish",-7.9655393577887
"37",0.00337835923479585,"viento","spanish",-5.69036512084054
"38",0.00126489731635876,"rayas","spanish",-6.67276433293627
"39",0.000112289292517902,"todo","spanish",-9.09443204789035
"40",0.000871319542984262,"esta","spanish",-7.04550177929389
"41",0.00049591788472793,"vida","spanish",-7.6091001999291
"42",0.00635525634499622,"artículo","spanish",-5.05847303762535
"43",0.00176535326585843,"mejores","spanish",-6.33940445799634
"44",0.0069106382034555,"entiendo","spanish",-4.97469328606721
"45",0.000475043110709071,"nada","spanish",-7.6521049986605
"46",0.00157884416412226,"sala","spanish",-6.45106224134523
"47",0.00310168067777217,"llegó","spanish",-5.77581116028343
"48",0.000864888912431098,"medios","spanish",-7.05290948421473
"49",0.00339664759531481,"llegues","spanish",-5.68496633515714
"50",0.000440345005752383,"cómo","spanish",-7.72795203431821
"51",0.00286863755224225,"mandar","spanish",-5.85391808239913
"52",0.000322939555383207,"desayuno","spanish",-8.03804538729007
"53",0.00241215969553625,"huyeron","spanish",-6.02723279354595
"54",0.0017891252393345,"lleva","spanish",-6.32602847168809
"55",0.00196360395324562,"lagunas","spanish",-6.23297374251818
"56",0.001723985042309,"tres","spanish",-6.36311678293315
"57",0.00233700267479638,"veces","spanish",-6.05888607888333
"58",0.00108311487058211,"pasar","spanish",-6.8279142495685
"59",0.00116690474190549,"cuáles","spanish",-6.75340055548278
"60",0.00360081826944743,"escuchar","spanish",-5.62659416227941
"61",0.00349236890162441,"pasando","spanish",-5.65717500465311
"62",0.000443128150900733,"aunque","spanish",-7.72165155006681
"63",0.00203347178079682,"diabetes","spanish",-6.19801070987246
"64",0.013444567247634,"acabo","spanish",-4.30918017664179
"65",0.010198239955563,"enterar","spanish",-4.58554012695713
"66",0.00240490663125678,"hacer","spanish",-6.03024419894029
"67",0.000227197755736179,"dame","spanish",-8.38968974908781
"68",0.00109789790246272,"tenga","spanish",-6.8143579252248
"69",0.00230056609984152,"memoria","spanish",-6.07460005596626
"70",0.00116077326099436,"millones","spanish",-6.75866889164034
"71",0.000889409599502422,"tiempo","spanish",-7.02495268671181
"72",0.00223131625414739,"tiene","spanish",-6.10516361914165
"73",0.000226805449045393,"solo","spanish",-8.39141796062595
"74",0.000926530530696342,"volver","spanish",-6.98406356006043
"75",0.00359680966564784,"para","spanish",-5.62770803041769
"76",0.00097243207798974,"estos","spanish",-6.93571032759486
"77",0.00141800635750362,"difícil","spanish",-6.55850336745234
"78",0.00197758994554303,"escuela","spanish",-6.22587637488503
"79",0.0107025798646913,"alegro","spanish",-4.53727045772669
"80",0.00426797010219371,"buscando","spanish",-5.45661695067642
"81",0.00502277427865791,"estudiar","spanish",-5.29377285277961
"82",0.000851970990448787,"caballo","spanish",-7.06795808048366
"83",0.00395886843751239,"demanda","spanish",-5.53179704265245
"84",0.00145268709724545,"locales","spanish",-6.53434026703756
"85",0.00120704240758603,"toledo","spanish",-6.71958220278136
"86",0.00151399302271035,"estudió","spanish",-6.49300473249114
"87",0.00118815994688631,"ayudas","spanish",-6.73534943167803
"88",0.00618087134533074,"ahora","spanish",-5.08629602306122
"89",0.000502860511472919,"escucha","spanish",-7.59519773949806
"90",0.00183961688369312,"sabes","spanish",-6.29819794442525
"91",0.00209422827109334,"necesito","spanish",-6.16857016049172
"92",0.00685630088936401,"comprar","spanish",-4.98258721163625
"93",3.5974580104304e-05,"nuevo","spanish",-10.2326979771338
"94",0.00168368941640673,"olas","spanish",-6.3867678122342
"95",3.68949877619043e-05,"pino","spanish",-10.2074348491547
"96",0.00183927934150577,"marino","spanish",-6.29838144630605
"97",0.00305686589152683,"dictador","spanish",-5.79036510634327
"98",0.00255365382206893,"años","spanish",-5.97023007399288
"99",0.000406753372099651,"enchufe","spanish",-7.80730352155001
"100",0.00220980980562591,"corazón","spanish",-6.11484882795867
"101",5.06400856622041e-05,"supo","spanish",-9.89076708853808
"102",0.00218873432834616,"huellas","spanish",-6.12443183448298
"103",0.000321092554693522,"todos","spanish",-8.04378114401548
"104",0.000440345005752383,"como","spanish",-7.72795203431821
"105",0.00125323788519861,"habla","spanish",-6.68202476857506
"106",0.00580459113110476,"cocinar","spanish",-5.14910610023108
"107",0.00578576162576418,"amazonas","spanish",-5.15235527172759
"108",0.00699031259959464,"animales","spanish",-4.96323000276432
"109",0.00472998912140765,"atún","spanish",-5.35383237639476
"110",0.00314915263077854,"ayudar","spanish",-5.76062186843528
"111",0.000909711174269307,"tarta","spanish",-7.00238339974538
"112",0.00242300543173797,"manzana","spanish",-6.02274659540946
"113",0.000402570616862865,"auto","spanish",-7.81764003087241
"114",0.00801057159811696,"antiguo","spanish",-4.826993159884
"115",5.41747028963511e-05,"hawai","spanish",-9.82329649470362
"116",0.000766362146647862,"bujías","spanish",-7.1738557236445
"117",0.000758697353008003,"cuatro","spanish",-7.18390760447831
"118",0.00124652173394624,"rojas","spanish",-6.68739821917494
"119",0.000976193932646885,"méxico","spanish",-6.93184928980724
"120",0.000668618331173866,"mismo","spanish",-7.31029716710335
"121",0.000858222696716744,"cerca","spanish",-7.06064693887152
"122",0.00101721502252253,"gusta","spanish",-6.89068675602111
"123",0.00947019522141078,"alemán","spanish",-4.65960575727532
"124",0.00132708845531014,"salir","spanish",-6.624767867745
"125",0.00220646785661353,"dicen","spanish",-6.11636229695039
"126",0.0124747127871631,"aprender","spanish",-4.38405166068269
"127",0.00265800625210278,"esos","spanish",-5.93017896651071
"128",0.000621937105970612,"está","spanish",-7.38267158614052
"129",0.00276585821039107,"murales","spanish",-5.89040430866193
"130",0.00421622973623672,"interior","spanish",-5.46881397771044
"131",0.00113993126742264,"idioma","spanish",-6.77678731012788
"132",0.000244697816653248,"japonés","spanish",-8.31548651010042
"133",0.000475043110709071,"soda","spanish",-7.6521049986605
"134",0.00099599653286266,"tránsito","spanish",-6.91176678144732
"135",0.000504349073952301,"código","spanish",-7.59224192258626
"136",0.000968849401457251,"conoces","spanish",-6.93940137460468
"137",0.000892118381297171,"color","spanish",-7.02191171973134
"138",0.00160280406697804,"hadas","spanish",-6.43600064178472
"139",0.000763109194852361,"estoy","spanish",-7.17810942439996
"140",0.00309869519811475,"cansado","spanish",-5.77677415992987
"141",0.000118772202047081,"fútbol","spanish",-9.03830316791823
"142",0.00146271892072089,"niveles","spanish",-6.52745830067879
"143",0.000268566816911981,"banda","spanish",-8.22241082241543
"144",0.00639271858141671,"amarillo","spanish",-5.05259565796674
"145",0.00199058742077154,"poder","spanish",-6.21932549748729
"146",0.00320564093630231,"internet","spanish",-5.74284322847734
"147",0.000421104419176356,"medio","spanish",-7.77262972848823
"148",0.00049080909016732,"calle","spanish",-7.61945532417572
"149",0.00155556942459781,"favorito","spanish",-6.46591361092997
"150",0.00145663555578329,"chicas","spanish",-6.53162591635667
"151",0.00296353651030347,"quedar","spanish",-5.82137195681785
"152",0.00138974585482854,"ventas","spanish",-6.57863438680934
"153",0.00208539218169878,"gustan","spanish",-6.17279834468132
"154",0.00255569096295202,"deberes","spanish",-5.96943265628992
"155",0.000992544203305114,"historia","spanish",-6.91523900905956
"156",0.000667977602038691,"viste","spanish",-7.31125591487197
"157",0.00876976854872654,"alguna","spanish",-4.73644486419755
"158",0.00967683498420086,"incitar","spanish",-4.63802039560024
"159",0.000459065245785454,"parque","spanish",-7.68631821032503
"160",0.000377565750341257,"puedo","spanish",-7.88176583135214
"161",0.000387190514488507,"pueda","spanish",-7.85659370056723
"162",0.00245252475477503,"cuando","spanish",-6.01063727288557
"163",0.000635855297732148,"sistema","spanish",-7.36053953979967
"164",0.000345537791978644,"tarde","spanish",-7.97040853729812
"165",0.00280993751713441,"negocios","spanish",-5.87459303177893
"166",0.000765593510329068,"llovió","spanish",-7.17485919444313
"167",0.00112035347051111,"viable","spanish",-6.79411104479528
"168",0.00127381628513948,"rápido","spanish",-6.66573793541767
"169",0.000644558074428738,"posible","spanish",-7.34694563191953
"170",0.00284583170571992,"semana","spanish",-5.86189991468208
"171",7.98753973074671e-06,"ganó","spanish",-11.7376277641576
"172",0.00443699196877731,"llena","spanish",-5.41777861664395
"173",8.01988049125442e-05,"habrá","spanish",-9.43100194454268
"174",0.00114334870486573,"nadie","spanish",-6.7737938620738
"175",0.00271648785036786,"desastre","spanish",-5.90841546451432
"176",0.00117663182927858,"dieta","spanish",-6.74509930398873
"177",5.67194263237029e-05,"según","spanish",-9.77739378997168
"178",0.00306873806361852,"revista","spanish",-5.78648885608489
"179",0.00100111099131771,"noches","spanish",-6.90664490435856
"180",0.000538803547952243,"autos","spanish",-7.52615952853467
"181",0.000871193050010125,"junta","spanish",-7.04564696386802
"182",0.000963159828987684,"firma","spanish",-6.94529119006464
"183",0.00344668758596938,"lograr","spanish",-5.67034162915819
"184",0.00722769284882918,"adelante","spanish",-4.92983540178303
"185",0.00128480686398781,"carla","spanish",-6.65714687232978
"186",0.000538803547952243,"gatos","spanish",-7.52615952853467
"187",0.000452236418874878,"porque","spanish",-7.70130546426719
"188",0.00643175705729465,"alérgico","spanish",-5.04650751876181
"189",0.00117215377795839,"perros","spanish",-6.74891238657247
"190",0.000500846271044382,"temblor","spanish",-7.59921134818852
"191",0.00120694293910469,"recuerde","spanish",-6.71966461295964
"192",0.00548273709684047,"empujar","spanish",-5.20615083248958
"193",0.00840824682214493,"adecuado","spanish",-4.77854229020742
"194",0.00504821442362182,"esperan","spanish",-5.28872067769966
"195",0.0130294473138518,"algo","spanish",-4.34054330518
"196",0.00146638286114694,"botas","spanish",-6.52495654921375
"197",0.00624275080088085,"caminar","spanish",-5.07633436026483
"198",0.00757780188191125,"algunos","spanish",-4.88253211057662
"199",0.00138654404670796,"razas","spanish",-6.58094092514188
"200",0.000152305406290584,"tengo","spanish",-8.78962280105311
"201",0.000236875585305095,"hijos","spanish",-8.34797551118564
"202",0.00454325144843609,"pidiendo","spanish",-5.39411234519239
"203",0.00128236828532873,"hacemos","spanish",-6.65904668769158
"204",0.000276812117850645,"lechuga","spanish",-8.19217155681685
"205",0.00163151144664294,"bonito","spanish",-6.41824842593164
"206",0.00357024784083997,"otra","spanish",-5.6351202623958
"207",0.00185340349027334,"cuándo","spanish",-6.29073160564019
"208",0,"baja","spanish",-Inf
"209",0.000236875585305095,"fríos","spanish",-8.34797551118564
"210",0,"diez","spanish",-Inf
"211",0.000995934629248415,"camión","spanish",-6.91182893581836
"212",0.00539126632793675,"cuarenta","spanish",-5.22297498140736
"213",0.00814240368721122,"cuesta","spanish",-4.81066984928897
"214",6.19838099429117e-05,"cinco","spanish",-9.68863733697258
"215",0.00226349763447918,"mandarín","spanish",-6.09084403616096
"216",0.00086573801856959,"doce","spanish",-7.05192821414269
"217",0.0033632250484739,"ciencia","spanish",-5.69485492949958
"218",0.000503538364020482,"vínculo","spanish",-7.59385065403011
"219",0.00129690542989296,"podrías","spanish",-6.64777429080664
"220",0.000722014294513127,"favor","spanish",-7.2334656207728
"221",0.00194259527501828,"comida","spanish",-6.24373042929681
"222",0.00267228627323042,"buena","spanish",-5.92482089086159
"223",0.000325516685827194,"gente","spanish",-8.03009683548759
"224",0.00452051701453615,"pecera","spanish",-5.39912890793238
"225",0.00183509090903522,"lleve","spanish",-6.30066125699419
"226",0.00304420296627935,"paraguas","spanish",-5.79451616371561
"227",0.00408508429018027,"llevar","spanish",-5.50041291681199
"228",0.0113540728437317,"alquilar","spanish",-4.47817875856529
"229",0.00232449998338249,"momento","spanish",-6.06425032398249
"230",0.0111892345547627,"apuestas","spanish",-4.49280316339811
"231",0.00309076900141835,"contado","spanish",-5.779335351262
"232",0.000871319542984262,"ésta","spanish",-7.04550177929389
"233",0.00190001139118443,"estas","spanish",-6.26589539746749
"234",0.00106649622370247,"pedir","spanish",-6.84337656089133
"235",0,"mayo","spanish",-Inf
"236",0.00153100645534884,"partido","spanish",-6.48182994588907
"237",0.00192600143413172,"comer","spanish",-6.2523092209898
"238",0.000791362697839404,"dulces","spanish",-7.14175416451931
"239",0.000799466467137466,"depósito","spanish",-7.13156596886197
"240",0.00722261443625032,"cuenta","spanish",-4.93053828133953
"241",0.00225323128247214,"nacidas","spanish",-6.09538996746467
"242",0.000264546826126523,"menos","spanish",-8.23749228593984
"243",0.00358542828746354,"hora","spanish",-5.63087734554908
"244",0.000591165811376735,"famoso","spanish",-7.43341401920284
"245",0.00463644723859674,"noticias","spanish",-5.37380688736456
"246",0.00252710916855389,"huracán","spanish",-5.98067925065686
"247",0.00507544894245085,"bernardo","spanish",-5.28334029640011
"248",0.000138053929338721,"tele","spanish",-8.88786615683692
"249",0.000614165158983545,"perdió","spanish",-7.39524667741552
"250",4.4954327614027e-05,"comí","spanish",-10.0098635255068
"251",0.00541737587637905,"receta","spanish",-5.21814373642139
"252",0.000270327387732412,"gordo","spanish",-8.2158767863504
"253",0.00184063753676356,"cercano","spanish",-6.29764328000263
"254",0.00128040843379026,"esas","spanish",-6.66057616305001
"255",0.00332490985620987,"programa","spanish",-5.70631271615615
"256",0.000258942052764731,"mundo","spanish",-8.25890625579614
"257",0.00408913666948981,"caracas","spanish",-5.49942141446296
"258",0.00205419390933917,"ciudad","spanish",-6.18787176621644
"259",0.00264186337844232,"violento","spanish",-5.9362707856338
"260",9.22521746680143e-05,"después","spanish",-9.29098470168448
"261",0.000288488185517882,"tarda","spanish",-8.15085642426581
"262",0.00439754566231722,"cuartos","spanish",-5.42670869770727
"263",0.00319464893721228,"ubicada","spanish",-5.74627807599656
"264",0.00101721502252253,"costa","spanish",-6.89068675602111
"265",0.00196300519007928,"cuánto","spanish",-6.23327871973854
"266",0.000800735654420406,"firme","spanish",-7.1299796848145
"267",0.00210700996102793,"este","spanish",-6.16248541658325
"268",0.000716050004161109,"cambia","spanish",-7.24176055522836
"269",0.00139419799515718,"extra","spanish",-6.57543594290097
"270",0.0044651901238536,"corea","spanish",-5.41144348462996
"271",0.000151626814576299,"ocho","spanish",-8.79408822324455
"272",0.00124652173394624,"cajas","spanish",-6.68739821917494
"273",0.00221991103933571,"toallas","spanish",-6.11028815627217
"274",2.66251324358224e-06,"fría","spanish",-12.8362400528257
"275",0.000113543230426236,"quién","spanish",-9.08332690874837
"276",0.00178365472917619,"tocar","spanish",-6.3290908010124
"277",0,"hobby","spanish",-Inf
"278",0.0012488793343185,"barrios","spanish",-6.68550866233879
"279",0.00348920511348592,"puerto","spanish",-5.65808132988814
"280",0.00296016994495355,"quedaron","spanish",-5.82250859845862
"281",0.00243065485703793,"islas","spanish",-6.01959456944221
"282",0.000325616423372743,"donde","spanish",-8.02979048477398
"283",0.000880946431455263,"fruta","spanish",-7.0345137381273
"284",0.00728968959924221,"alcohol","spanish",-4.9212943128472
"285",9.85246975662839e-06,"casa","spanish",-11.5277883974959
"286",0.00510012213286642,"prendido","spanish",-5.27849079191773
"287",0.00199773144199617,"persona","spanish",-6.2157430212054
"288",0.000395427891245628,"media","spanish",-7.83554211039933
"289",0.00335641878163024,"otro","spanish",-5.69688071221765
"290",0.00172510249258369,"llano","spanish",-6.36246881427333
"291",0.00127341207695287,"orleans","spanish",-6.66605530640491
"292",0.000741718898522647,"barrio","spanish",-7.20654022953741
"293",0.000474900833706089,"salió","spanish",-7.65240454687044
"294",0.00111523481043022,"idea","spanish",-6.7986903039274
"295",0.000674992453941563,"pijama","spanish",-7.30080904650007
"296",0.000233285176398952,"lisboa","spanish",-8.36324891975131
"297",0.00282154993212755,"últimos","spanish",-5.87046892369677
"298",0.00191337981270889,"llama","spanish",-6.25888406525726
"299",0.00335641878163024,"euro","spanish",-5.69688071221765
"300",0.00873367591351912,"abrigada","spanish",-4.74056893091371
"301",0.000521836070552399,"gorro","spanish",-7.55815706049022
"302",0.00139754855998465,"frutas","spanish",-6.57303560578583
"303",0.000416834427373356,"paso","spanish",-7.78282147167196
"304",0.00884542795135353,"agua","spanish",-4.72785456912042
"305",0.000213227614936043,"parís","spanish",-8.45315034809392
"306",0.00103746579151859,"martes","spanish",-6.87097427843328
"307",0.00157252652575262,"trabaja","spanish",-6.45507170100882
"308",0.00514690135834189,"amanecer","spanish",-5.2693604233792
"309",0.016477892459984,"arroz","spanish",-4.10573564738847
"310",0.00201256831361635,"oliva","spanish",-6.20834360459358
"311",0.000211994757133521,"pollo","spanish",-8.45894901410032
"312",0.00641787251033165,"aires","spanish",-5.04866860088385
"313",0.000228885942968963,"cambió","spanish",-8.38228674412364
"314",0.000364034810086377,"darte","spanish",-7.91826106279456
"315",0.00115761005171358,"buscas","spanish",-6.76139769944906
"316",0.00334126695047481,"blancas","spanish",-5.70140521743017
"317",0.00314343803112686,"picante","spanish",-5.76243816367192
"318",0.00086573801856959,"dice","spanish",-7.05192821414269
"319",0.000470143025517113,"opción","spanish",-7.66247359994207
"320",0.000342784100922393,"mucha","spanish",-7.97840975235593
"321",0.00120684225407628,"regresó","spanish",-6.71974803797091
"322",0.00107572551826464,"bajar","spanish",-6.83475994433428
"323",0.00147943625967252,"lentejas","spanish",-6.51609416939576
"324",0.00021059248069483,"destruyó","spanish",-8.4655856631049
"325",0.000475043110709071,"toda","spanish",-7.6521049986605
"326",0.000538803547952243,"datos","spanish",-7.52615952853467
"327",0.00112247843936712,"española","spanish",-6.7922161462231
"328",0.00487667489863417,"además","spanish",-5.32329166458802
"329",0.003066769211012,"piernas","spanish",-5.78713064578082
"330",3.91837267191998e-05,"base","spanish",-10.1472490320744
"331",0.00026921264819196,"podría","spanish",-8.22000897692908
"332",0.000275958118542445,"disco","spanish",-8.1952614481729
"333",0.00527994394916666,"aguilera","spanish",-5.24383979700845
"334",0.00410202963055118,"icono","spanish",-5.49627339591796
"335",0.00107572551826464,"dejar","spanish",-6.83475994433428
"336",0.000236875585305095,"niños","spanish",-8.34797551118564
"337",0.00297968186032725,"tienen","spanish",-5.81593874244334
"338",0.00102394225716027,"autor","spanish",-6.88409514344669
"339",0.0069863529698794,"planta","spanish",-4.96379660855473
"340",0.00241248911262732,"humano","spanish",-6.02709623766191
"341",0.010933679017309,"alegre","spanish",-4.51590743532317
"342",0.0011256518713225,"proyecto","spanish",-6.78939296996141
"343",0.0094968532472919,"visitar","spanish",-4.65679477237394
"344",0.00352838481979993,"ocupada","spanish",-5.64691507087893
"345",0.000833299398516091,"deseas","spanish",-7.09011755838594
"346",0.000347224380333543,"hecho","spanish",-7.9655393577887
"347",0.00312400355130876,"gustaría","spanish",-5.76863991022277
"348",0.00352883987737949,"primera","spanish",-5.64678610868778
"349",0.00203894535478205,"numero","spanish",-6.19532258775775
"350",0.0116551467678573,"alarmada","spanish",-4.45200741387896
"351",0.000402570616862865,"rato","spanish",-7.81764003087241
"352",0.00374483760596694,"charlas","spanish",-5.58737702584582
"353",0.00196738857462242,"recibas","spanish",-6.23104821225105
"354",0.000293148169600933,"nota","spanish",-8.1348323784728
"355",0.0051419789410915,"celular","spanish",-5.27031726561717
"356",0.00179840483282392,"karaoke","spanish",-6.32085521097763
"357",0.000228968357627226,"sushi","spanish",-8.38192674025758
"358",0.00587694033893649,"visitas","spanish",-5.13671900302192
"359",0.0045201184921211,"cuarto","spanish",-5.39921707041057
"360",0.0025039605102247,"cien","spanish",-5.98988159654568
"361",0.00638694485596067,"iniciar","spanish",-5.05349923823349
"362",0.000521251234998903,"facebook","spanish",-7.55927841555162
"363",0.00086573801856959,"hace","spanish",-7.05192821414269
"364",0.00374939846896459,"pero","spanish",-5.58615986014271
"365",0.00733346031494039,"cierta","spanish",-4.91530779876816
"366",0.00208193945044958,"música","spanish",-6.1744553916092
"367",0.000989288157949002,"gratuito","spanish",-6.91852490583814
"368",0.00170947327985335,"cuerpo","spanish",-6.37156997939412
"369",0.0013513938612775,"descanso","spanish",-6.60661872934764
"370",0.000629619376680996,"tibia","spanish",-7.37039508515773
"371",0.00126828321694867,"crezca","spanish",-6.67009109069257
"372",0.00024509590032216,"fémur","spanish",-8.31386099412187
"373",0.000944252588235652,"sastre","spanish",-6.96511685532632
"374",0.000510344907345569,"estás","spanish",-7.58042377191332
"375",0.00160972434634587,"quesos","spanish",-6.43169232809423
"376",0.00248649415396281,"públicos","spanish",-5.99688153092312
"377",0.00200096543215197,"familia","spanish",-6.21412549881613
"378",0.000325616423372743,"mande","spanish",-8.02979048477398
"379",0.00365637440687155,"hablar","spanish",-5.61128322175195
"380",0.00135663493132781,"cerveza","spanish",-6.60274796061101
"381",0.000236875585305095,"hoyos","spanish",-8.34797551118564
"382",0.00157884416412226,"sola","spanish",-6.45106224134523
"383",0.000563487931215987,"nunca","spanish",-7.4813646422542
"384",4.36618722578961e-05,"país","spanish",-10.0390353250799
"385",0.00246691606583244,"mujeres","spanish",-6.00478646478126
"386",0.00157884416412226,"hola","spanish",-6.45106224134523
"387",0.000211994757133521,"pablo","spanish",-8.45894901410032
"388",0.000416834427373356,"beso","spanish",-7.78282147167196
"389",0.00129369126758016,"estamos","spanish",-6.65025569902056
"390",0.00136709713043708,"zapatos","spanish",-6.59506567004317
"391",0.0018287397906618,"pasado","spanish",-6.30412818833217
"392",4.66992105369138e-05,"cuál","spanish",-9.97178329842345
"393",9.21424617463293e-05,"punto","spanish",-9.29217468135813
"394",0.000974645485603309,"terror","spanish",-6.933436757596
"395",0.0114252205570772,"acuerdo","spanish",-4.47193203761121
"396",0.00278826222896253,"unos","spanish",-5.88233673420755
"397",0.00171708695590859,"meses","spanish",-6.36712605425564
"398",0.00802745006169481,"antojo","spanish",-4.82488835292375
"399",0.00148248648781277,"precio","spanish",-6.51403454159412
"400",0.00998338503521837,"anotar","spanish",-4.60683306428233
"401",0.0011016300402089,"puedes","spanish",-6.81096434130572
"402",0.000305300488189561,"simple","spanish",-8.09421405917604
"403",0.000758697353008003,"teatro","spanish",-7.18390760447831
"404",0.00186618565872694,"precios","spanish",-6.28385868593992
"405",0.000670668934763998,"están","spanish",-7.3072349335636
"406",0.00968236651696294,"algún","spanish",-4.6374489326799
"407",0.000993659989535472,"premio","spanish",-6.91411547266612
"408",0.00125794847232651,"usado","spanish",-6.6782730815376
"409",0.00386857392372273,"llevarlo","spanish",-5.55486933501356
"410",0.00128240526706962,"taller","spanish",-6.65901784948022
"411",2.45718519860646e-05,"café","spanish",-10.6139089983636
"412",0.00113352296733002,"playa","spanish",-6.78242482591053
"413",0.00194401214096041,"conviene","spanish",-6.24300132761339
"414",0.000248687248049897,"diseño","spanish",-8.29931448289693
"415",0.0096551610788713,"acción","spanish",-4.64026267977409
"416",0.00576525453904419,"visita","spanish",-5.15590597375633
"417",0.00196587040658566,"veracruz","spanish",-6.2318201767311
"418",0.00170091571222793,"hotel","spanish",-6.37658851869037
"419",0.00153436415495122,"usados","spanish",-6.4796392150626
"420",0.0025039605102247,"buen","spanish",-5.98988159654568
"421",0.00350247941184433,"caliente","spanish",-5.65428415790191
"422",0.0118941895560777,"antes","spanish",-4.43170527070705
"423",0.00141478409320953,"duele","spanish",-6.56077834383332
"424",0.00174049432109564,"cines","spanish",-6.35358611351865
"425",0.000448500087533792,"subió","spanish",-7.70960168129534
"426",0.00155002095376875,"pueden","spanish",-6.46948682958187
"427",0.00101721502252253,"hasta","spanish",-6.89068675602111
"428",0.000318591309835286,"noche","spanish",-8.05160143695798
"429",0.00909302085787192,"aburrido","spanish",-4.70024809840266
"430",0.0022666179106157,"cuántos","spanish",-6.08946646572201
"431",0.000630882311794654,"dormir","spanish",-7.36839122344487
"432",0.00403640780955867,"encanta","spanish",-5.51240013859263
"433",0.00326440799105251,"llegue","spanish",-5.72467685243305
"434",0.00200881048648344,"paraíso","spanish",-6.210212529862
"435",0.000702303237201726,"pizzas","spanish",-7.26114528538129
"436",0.00672631580740241,"tierra","spanish",-5.00172771353968
"437",0.000805784881356848,"muchos","spanish",-7.12369374766047
"438",0.000494772310139602,"cabeza","spanish",-7.61141288073457
"439",0.00312567426044945,"cercanos","spanish",-5.76810525572351
"440",0.000698573757904474,"gabriel","spanish",-7.26646979013265
"441",0.000404211054131992,"doctor","spanish",-7.81357340519456
"442",0.00351569457699932,"intenso","spanish",-5.65051816954231
"443",0.00240167383444486,"fueron","spanish",-6.03158935370154
"444",0.000705264894892495,"azul","spanish",-7.25693708828748
"445",0.000722014294513127,"mejor","spanish",-7.2334656207728
"446",0.00182282830880783,"tejado","spanish",-6.30736596829804
"447",0.0010226681770324,"tardes","spanish",-6.88534020725676
"448",0.00594961794267078,"llegar","spanish",-5.12442827280207
"449",0.000892118381297171,"dolor","spanish",-7.02191171973134
"450",0.00447372615749182,"tarea","spanish",-5.40953362532169
"451",0.00334262189022343,"tienda","spanish",-5.7009997828697
"452",0.000429022112015865,"regalo","spanish",-7.75400209720404
"453",0.00134479150225047,"clásica","spanish",-6.61151629485885
"454",0.0011060930627012,"francés","spanish",-6.80692123593072
"455",0.0139136016372363,"arte","spanish",-4.27488838224585
"456",0.00393559294954389,"horas","spanish",-5.53769372243075
"457",0.00211243112914165,"serio","spanish",-6.15991580085414
"458",0.00101194135505481,"clásico","spanish",-6.89588465934659
"459",0.0011435725431999,"juan","spanish",-6.77359810689852
"460",0.00167030816531016,"famosas","spanish",-6.39474713945122
"461",0.00150282703534295,"gran","spanish",-6.50040725444561
"462",0.00477740510038982,"cueste","spanish",-5.34385774591112
"463",0.00169358329053963,"tarjeta","spanish",-6.38090870443011
"464",0.00185809747767132,"tomes","spanish",-6.28820217620385
"465",0.00408204153711965,"flores","spanish",-5.50115803896775
"466",0.00242116701740798,"cartera","spanish",-6.02350561645487
"467",0.00184393167633141,"clases","spanish",-6.29585520641519
"468",0.00899443525764216,"andar","spanish",-4.71114919758153
"469",0.00128040843379026,"usas","spanish",-6.66057616305001
"470",0.000170290251024423,"jabón","spanish",-8.67800621782724
"471",0.00123196667072295,"piel","spanish",-6.69914346722137
"472",0.00106278512615028,"página","spanish",-6.84686233914241
"473",0.00277622609822744,"leer","spanish",-5.88666279216597
"474",3.14543488783981e-05,"mamá","spanish",-10.3669733052551
"475",0.00167826341044889,"encontré","spanish",-6.3899957044436
"476",9.42612396899224e-05,"museo","spanish",-9.26944048474187
"477",0.00196946959036318,"sucede","spanish",-6.22999101595524
"478",0.0027982385076723,"obscena","spanish",-5.87876516417294
"479",0.00362282454403776,"seguras","spanish",-5.62050129660574
"480",7.03935469686019e-05,"cine","spanish",-9.56140896137934
"481",0.000625103638723188,"conexión","spanish",-7.37759310001771
"482",0.0010685538246014,"jabones","spanish",-6.84144911049027
"483",0.000264546826126523,"finos","spanish",-8.23749228593984
"484",0.000988298678896185,"regalos","spanish",-6.91952559932675
"485",0.000596335857608052,"centro","spanish",-7.4247065301398
"486",0.00325998235349901,"temprano","spanish",-5.72603349665529
"487",0.00349375406848771,"uses","spanish",-5.65677845655701
"488",0.00128724616068397,"ayudes","spanish",-6.65525010161464
"489",9.85246975662839e-06,"rusa","spanish",-11.5277883974959
"490",0.00108579859287612,"lavar","spanish",-6.82543953242661
"491",0.000267267721787776,"pozos","spanish",-8.22725969861021
"492",0.000444240120949269,"puede","spanish",-7.71914532876986
"493",0.0137514983761681,"acento","spanish",-4.28660748799444
"494",4.05228486435749e-05,"hizo","spanish",-10.1136445788936
"495",0.000875406510574032,"champú","spanish",-7.04082219597899
"496",0.00495292725390902,"golpear","spanish",-5.30777651276251
"497",0.00170691041699004,"usan","spanish",-6.37307031634188
"498",0.0025039605102247,"bien","spanish",-5.98988159654568
"499",0.00364370719891271,"queremos","spanish",-5.61475365437351
"500",0.00201542205367866,"examen","spanish",-6.20692664959639
"501",0.00473301186162903,"admisión","spanish",-5.35319352190671
"502",0.00342243084120958,"diario","spanish",-5.67740420810311
"503",0.00137195491846832,"tiempos","spanish",-6.59151860847753
"504",2.36584295685292e-05,"niñez","spanish",-10.6517910765734
"505",0.00277455229372212,"delicia","spanish",-5.88726588039536
"506",0.000416834427373356,"caso","spanish",-7.78282147167196
"507",0.00123142623470618,"único","spanish",-6.69958224093404
"508",0.00588352619564524,"ambas","spanish",-5.13559900367873
"509",0.00241959471384779,"dijeron","spanish",-6.02415522645543
"510",0.0100718910523524,"actores","spanish",-4.5980067991818
"511",0.0035951670205515,"quieren","spanish",-5.62816482976412
"512",0.00140949411322862,"fuego","spanish",-6.56452442391502
"513",0.000884696049528239,"tenemos","spanish",-7.03026641880847
"514",0.00528918280155599,"cambiar","spanish",-5.24209152490226
"515",0.00258546361438162,"estados","spanish",-5.9578504391794
"516",0.000661477739407108,"ventaja","spanish",-7.32103422666543
"517",0.00604340791033438,"amiga","spanish",-5.10878720258439
"518",0.000459854207234765,"mail","spanish",-7.68460105951147
"519",0,"grúa","spanish",-Inf
"520",0.000594440403429909,"club","spanish",-7.42789009340192
"521",0.00464337258032846,"horarios","spanish",-5.37231432756221
"522",0.00115323860444057,"irme","spanish",-6.76518111683199
"523",0.0119494238256792,"activo","spanish",-4.42707221719135
"524",0.00308212209922276,"mercado","spanish",-5.78213692598939
"525",0.00131020280384465,"gimnasia","spanish",-6.63757334165608
"526",0.000364034810086377,"parte","spanish",-7.91826106279456
"527",0.000112289292517902,"lado","spanish",-9.09443204789035
"528",0.00771100059262292,"aburrida","spanish",-4.86510732127709
"529",0.00223131625414739,"viene","spanish",-6.10516361914165
"530",0.00336073689285543,"piedras","spanish",-5.69559501570285
"531",0.000859915149842112,"países","spanish",-7.05867683655852
"532",0.00214434883752789,"buenos","spanish",-6.14491934493761
"533",0.00124652173394624,"ganas","spanish",-6.68739821917494
"534",0.00541652270840847,"empezar","spanish",-5.21830123613688
"535",0.00103434691228251,"indio","spanish",-6.87398505405634
"536",0.00165560066767291,"juegos","spanish",-6.40359139480824
"537",0.00425666159964728,"holanda","spanish",-5.45927008797911
"538",0.000133110539286658,"también","spanish",-8.92433065247746
"539",0.00142784012126214,"edificio","spanish",-6.55159238123318
"540",0,"menú","spanish",-Inf
"541",0.00403140422792858,"pescados","spanish",-5.5136405200612
"542",0.00591194521601112,"cuántas","spanish",-5.13078036195374
"543",0.00294927843485738,"personas","spanish",-5.8261947369029
"544",0.000130646946481477,"rompió","spanish",-8.94301193801607
"545",0.00133453999961963,"cocina","spanish",-6.61916861608097
"546",0.000789289108602721,"pasajes","spanish",-7.14437788015075
"547",0.00337835923479585,"ciento","spanish",-5.69036512084054
"548",0.00931825115962823,"invitar","spanish",-4.67578031170865
"549",0.00418627795196871,"libertad","spanish",-5.47594325678798
"550",0.00190260414589532,"casada","spanish",-6.26453172812601
"551",0.00377212486832418,"fiordos","spanish",-5.58011681074926
"552",0.00240889163066465,"noruegos","spanish",-6.02858854155651
"553",0.000226805449045393,"sólo","spanish",-8.39141796062595
"554",0.00129815747633892,"camisa","spanish",-6.64680934576419
"555",0.00710115907778098,"anoche","spanish",-4.94749725786708
"556",0.0014301487410955,"cálida","spanish",-6.54997682536738
"557",4.63749381841143e-05,"filmó","spanish",-9.97875136999467
"558",0.000549501405835112,"pesos","spanish",-7.50649922573422
"559",0.00337835923479585,"evento","spanish",-5.69036512084054
"560",0.00199220911804374,"hoteles","spanish",-6.21851114639201
"561",0.00530063946816487,"renovar","spanish",-5.23992781133148
"562",0.00027177106135542,"visa","spanish",-8.2105505322783
"563",0.000183703470118951,"canal","spanish",-8.60218767578034
"564",0.00392420761457621,"otras","spanish",-5.54059082976524
"565",0,"luna","spanish",-Inf
"566",0.00124652173394624,"zonas","spanish",-6.68739821917494
"567",0.00475864984872988,"maestros","spanish",-5.34779129619854
"568",0.00544655755753321,"cuesten","spanish",-5.21277151069568
"569",0.00125323788519861,"silla","spanish",-6.68202476857506
"570",0,"hindú","spanish",-Inf
"571",0.00420047092562043,"verano","spanish",-5.47255863483065
"572",0.000494553344784741,"navaja","spanish",-7.61185553651196
"573",0.00672631580740241,"cierra","spanish",-5.00172771353968
"574",0.00226707681205042,"sábados","spanish",-6.0892640253442
"575",7.03852134883314e-05,"nueve","spanish",-9.56152735253797
"576",6.41387632535808e-05,"jefe","spanish",-9.65446164586863
"577",0.000475043110709071,"cada","spanish",-7.6521049986605
"578",0.0106422727855064,"artista","spanish",-4.54292121021913
"579",0.0027803949335484,"mexicano","spanish",-5.88516229894202
"580",0.00140949411322862,"diego","spanish",-6.56452442391502
"581",0.00428298911919374,"rivera","spanish",-5.45310412081588
"582",0.00104506769546476,"siempre","spanish",-6.86367361531447
"583",0.001045581061855,"busques","spanish",-6.86318250804572
"584",0.000676805998395763,"nocturno","spanish",-7.29812588683364
"585",0.00172756265948847,"comen","spanish",-6.3610437312069
"586",0.000325516685827194,"mente","spanish",-8.03009683548759
"587",0.000633654906850006,"tamaño","spanish",-7.36400606268017
"588",0.00349714747974788,"cuestión","spanish",-5.65580764857087
"589",0.00125882087442682,"metros","spanish",-6.67757981011296
"590",0.00259003759153948,"teoría","spanish",-5.95608288926811
"591",0.00454655316711636,"circular","spanish",-5.39338587879072
"592",0.000991129359070892,"logra","spanish",-6.91666549827732
"593",0.000211994757133521,"hablo","spanish",-8.45894901410032
"594",0,"zona","spanish",-Inf
"595",0.00104267278862699,"vivir","spanish",-6.8659678735391
"596",0.00336033704334767,"triunfar","spanish",-5.69571399951765
"597",0.00102005847330122,"plato","spanish",-6.88789532656317
"598",0.000748771871923969,"discos","spanish",-7.19707619771055
"599",0.00167918879289538,"unas","spanish",-6.38944446355386
"600",0.0039220751434652,"programo","spanish",-5.54113439191544
"601",0.000611660238593173,"canción","spanish",-7.39933359531091
"602",0.00166417954230943,"estudio","spanish",-6.3984230443812
"603",0.00150282703534295,"eran","spanish",-6.50040725444561
"604",0.000310228567709605,"creo","spanish",-8.07820121697612
"605",0.00169375766386524,"índice","spanish",-6.38080574855521
"606",0.00672631580740241,"guerra","spanish",-5.00172771353968
"607",0.00133094773081276,"mundial","spanish",-6.62186401095428
"608",0.00110185528237706,"llamó","spanish",-6.81075989958184
"609",0.0053067513760783,"atención","spanish",-5.23877542453259
"610",9.85246975662839e-06,"cosa","spanish",-11.5277883974959
"611",0.00411979230494764,"llega","spanish",-5.49195252831188
"612",0.00341163981488045,"pregunta","spanish",-5.68056221914527
"613",0.0045399297317629,"existe","spanish",-5.39484374463392
"614",0.00399705577645474,"avisar","spanish",-5.5221972447707
"615",0.00180068027565119,"llevo","spanish",-6.31959075456059
"616",0.00121365396622162,"lista","spanish",-6.7141196630366
"617",1.33561155319695e-05,"envío","spanish",-11.2235361857279
"618",0.000687122724600003,"gratis","spanish",-7.28299764326792
"619",0.0021423443782733,"varias","spanish",-6.14585454570882
"620",0.000293148169600933,"rota","spanish",-8.1348323784728
"621",0.00917798004620294,"alguien","spanish",-4.69094813710175
"622",0.00505775293640956,"usar","spanish",-5.28683297803066
"623",0.0132732317555663,"amarrado","spanish",-4.32200592181347
"624",0.00157884416412226,"lola","spanish",-6.45106224134523
"625",0.00467865643134424,"triste","spanish",-5.36474429758964
"626",0.00177435849447414,"mujer","spanish",-6.33431633294352
"627",0.000717070560000122,"veas","spanish",-7.24033631216459
"628",0.000827181891292235,"brazos","spanish",-7.09748594602102
"629",0.00109485145931984,"dedico","spanish",-6.81713657850464
"630",0.00409901396678815,"cristina","spanish",-5.49700883010098
"631",0.000334187178608131,"pide","spanish",-8.00380930696701
"632",0.000422424498883232,"inglés","spanish",-7.76949982800404
"633",0.000567134339619382,"vemos","spanish",-7.47491435175448
"634",0.00285415287752696,"cantidad","spanish",-5.858980195305
"635",0.000735159019301798,"fondos","spanish",-7.21542372936077
"636",0.00137211716610241,"clase","spanish",-6.59140035529082
"637",0.00109789790246272,"ponga","spanish",-6.8143579252248
"638",3.68949877619043e-05,"mano","spanish",-10.2074348491547
"639",0.00049591788472793,"mida","spanish",-7.6091001999291
"640",0.000133164066536762,"sido","spanish",-8.92392860699769
"641",0.00175468667756425,"gobierno","spanish",-6.34546496930534
"642",0.00247604846419346,"porosa","spanish",-6.00109135076756
"643",0.00258446752406839,"entró","spanish",-5.95823577906068
"644",0.000649849702122481,"hongos","spanish",-7.33876944931567
"645",0.00225985864135633,"volar","spanish",-6.09245301572658
"646",0.00273815034181053,"incómodo","spanish",-5.90047264426961
"647",0.00299389417929948,"grande","spanish",-5.81118033786467
"648",0.00109789263574432,"sonoro","spanish",-6.81436272232936
"649",0.00576169280932367,"obra","spanish",-5.15652395694411
"650",0.00395834588892886,"máquina","spanish",-5.53192904579465
"651",0.00444549379729158,"chorizos","spanish",-5.41586432568207
"652",0.00220646785661353,"hacen","spanish",-6.11636229695039
"653",0.00813869100224077,"cuestan","spanish",-4.81112592243462
"654",0.000677148752190401,"festival","spanish",-7.29761958660194
"655",0.00218914937768517,"venecia","spanish",-6.12424222262112
"656",0.00139264567292081,"inauguro","spanish",-6.57654997912389
"657",0.00269478335966211,"contra","spanish",-5.9164374638775
"658",0.00066501531352336,"socio","spanish",-7.31570048971888
"659",0.00515047644016568,"cambiado","spanish",-5.26866605593199
"660",2.45007765500322e-05,"vaya","spanish",-10.6168057449962
"661",0.00813268150609362,"antiguas","spanish",-4.8118645812561
"662",0.0105144352729879,"plantar","spanish",-4.5550061780707
"663",0.0044405752730156,"pensando","spanish",-5.41697134493645
"664",0.0142302979469473,"acampar","spanish",-4.25238192915528
"665",0,"niña","spanish",-Inf
"666",0.00460625770841981,"amigos","spanish",-5.38033952855833
"667",0.00338298060643811,"caro","spanish",-5.68899812185205
"668",0.00283062043340478,"buenas","spanish",-5.86725935693669
"669",0.000943905614548726,"poca","spanish",-6.96548438140578
"670",0.000294349905949338,"produjo","spanish",-8.13074134200988
"671",0.0017579284392279,"conocen","spanish",-6.34361918633383
"672",0.00225257818392953,"escalas","spanish",-6.09567985923753
"673",0.00160995950291278,"ponen","spanish",-6.43154625377244
"674",0.00376641649507562,"presenta","spanish",-5.58163126137423
"675",0.00514395886500076,"escanear","spanish",-5.26993228877382
"676",0,"rugby","spanish",-Inf
"677",0.00152481536909804,"árboles","spanish",-6.48588194569617
"678",0.00174414636898233,"teclas","spanish",-6.35149002984827
"679",0.000706529571893484,"madrid","spanish",-7.25514549982468
"680",0.00438930454896947,"atajos","spanish",-5.42858448153561
"681",0.00874953967096118,"ahorras","spanish",-4.73875418902953
"682",0.000921134781720185,"sigue","spanish",-6.98990418961453
"683",0.000250906469354866,"siglo","spanish",-8.29043032032939
"684",0.000127411070870976,"mapa","spanish",-8.96809192008537
"685",0.00365395772566242,"primaria","spanish",-5.61194439042482
"686",0.0010665147731609,"caluroso","spanish",-6.84335916814609
"687",0.000614466550793427,"ballet","spanish",-7.39475606364814
"688",0.00935320150812739,"abrir","spanish",-4.67203658700319
"689",0.00202042932554734,"bueno","spanish",-6.20444525275222
"690",0,"frío","spanish",-Inf
"691",0.00168661627731133,"campeona","spanish",-6.385030959909
"692",2.45007765500322e-05,"haya","spanish",-10.6168057449962
"693",0.00575264757465128,"abuelos","spanish",-5.15809508238098
"694",0.00371611867105484,"calidad","spanish",-5.59507552338039
"695",0.0010927425386204,"peligro","spanish",-6.81906465231975
"696",0.00498076542284053,"pileta","spanish",-5.30217170039054
"697",0.000712327049850527,"nuevas","spanish",-7.24697341233877
"698",0.00135067658138108,"minutos","spanish",-6.60714964068284
"699",0.000891632681030496,"local","spanish",-7.02245630276082
"700",4.7057065604173e-05,"papás","spanish",-9.96414953096164
"701",0.00509781541416224,"amigo","spanish",-5.27894318118426
"702",0.000939111408515973,"servir","spanish",-6.97057643987698
"703",0.00183930981185455,"pintura","spanish",-6.29836487998265
"704",0.00060609410039662,"pedro","spanish",-7.40847530276729
"705",0.00518746707759722,"digital","spanish",-5.26150973993274
"706",0.000209270414533233,"ramón","spanish",-8.47188329286006
"707",0.00116789032369273,"estaba","spanish",-6.75255629993308
"708",0.00315568945120136,"juegan","spanish",-5.75854828033266
"709",0.000373267240084763,"carne","spanish",-7.89321593350312
"710",0.000830014016018344,"miguel","spanish",-7.09406797054712
"711",0.00117262397851035,"reseñas","spanish",-6.74851132463219
"712",0.00124251889454829,"verdes","spanish",-6.6906145932292
"713",0.000630955465095646,"siete","spanish",-7.36827527620916
"714",0.000313126912216252,"sesión","spanish",-8.06890197926554
"715",0.00349676592892589,"tiro","spanish",-5.65591675796358
"716",0.000658905295726398,"control","spanish",-7.32493074285355
"717",0.00283467541483103,"serie","spanish",-5.86582784048024
"718",0.00172921517550284,"estar","spanish",-6.36008762918407
"719",3.68949877619043e-05,"vino","spanish",-10.2074348491547
"720",0.000573649384055613,"aquí","spanish",-7.46349217744826
"721",0.00100843303780059,"cubra","spanish",-6.8993576005924
"722",0.000183703470118951,"final","spanish",-8.60218767578034
"723",0.000350510801445196,"bogotá","spanish",-7.95611903471712
"724",0.00134568349547754,"nueces","spanish",-6.61085321992932
"725",0.00095474375610688,"sabor","spanish",-6.95406757170001
"726",0.00113596976017573,"vuelo","spanish",-6.7802685786011
"727",0.00288976359183202,"doblamos","spanish",-5.84658058233802
"728",0.00141329660003268,"inglesa","spanish",-6.56183028928706
"729",0.00120520815025558,"express","spanish",-6.72110298815584
"730",0.0006203511888735,"verde","spanish",-7.3852248066212
"731",0.0033887599733933,"entre","spanish",-5.6872912140666
"732",0.000944252588235652,"postre","spanish",-6.96511685532632
"733",0.000538803547952243,"fotos","spanish",-7.52615952853467
"734",0.00247609757442982,"chuparse","spanish",-6.00107151684668
"735",0.000321092554693522,"dedos","spanish",-8.04378114401548
"736",0.00157523814428511,"fórmula","spanish",-6.45334881541381
"737",0.00467895004169941,"turistas","spanish",-5.36468154428705
"738",0.00282986350928422,"basura","spanish",-5.867526798425
"739",0.000770791376950675,"carpas","spanish",-7.16809280862899
"740",0.00257835484828134,"quisiera","spanish",-5.96060373914238
"741",0.00298966627488875,"retiro","spanish",-5.8125935115584
"742",0.00209281849816995,"efectivo","spanish",-6.1692435577831
"743",0.00105227304882741,"humor","spanish",-6.85680264622713
"744",0.0026995472646953,"mariscos","spanish",-5.91467119977415
"745",0.00272952756690409,"treinta","spanish",-5.90362673717665
"746",0.00012271842852932,"quedó","spanish",-9.00561802576206
"747",0.00391225486857133,"florida","spanish",-5.54364137847897
"748",0.000402570616862865,"dato","spanish",-7.81764003087241
"749",0.00238856928647893,"especial","spanish",-6.03706071719036
"750",0.00384212670533874,"peleados","spanish",-5.56172923617417
"751",0.0026289236158935,"último","spanish",-5.9411807880903
"752",0.00227161934781246,"hicieron","spanish",-6.08726233273522
"753",0.000978996481273417,"teléfono","spanish",-6.92898250964511
"754",0.00375439446799022,"hámster","spanish",-5.58482826695888
"755",0.00906784381157369,"aconsejo","spanish",-4.7030207706169
"756",9.21424617463293e-05,"lento","spanish",-9.29217468135813
"757",0.00227321788348674,"taquilla","spanish",-6.08655888147444
"758",0,"rock","spanish",-Inf
"759",0.000325616423372743,"desde","spanish",-8.02979048477398
"760",0.0030777909348651,"sesenta","spanish",-5.78354316826828
"761",0.00425666159964728,"irlanda","spanish",-5.45927008797911
"762",0.00081767895867299,"mancha","spanish",-7.10904076945836
"763",0.00408754026939546,"interesa","spanish",-5.49981189096743
"764",0.0012259265618182,"once","spanish",-6.70405834389992
"765",0.00157787210337134,"boletos","spanish",-6.45167810967122
"766",0.000175639208286283,"avión","spanish",-8.64707861987439
"767",0.00168314690097524,"reserves","spanish",-6.38709008239232
"768",0.00212409160628804,"llevas","spanish",-6.15441104739498
"769",0.00221431067067766,"lleves","spanish",-6.11281413354714
"770",0.00234562003459838,"estado","spanish",-6.05520550495508
"771",0.00116911215044764,"llover","spanish",-6.75151066401292
"772",0.000833066504685559,"versión","spanish",-7.09039708142659
"773",0.00368963142501071,"segundos","spanish",-5.60222871073947
"774",0.00141840992368269,"completa","spanish",-6.55821880683656
"775",0.0015378723417043,"víctimas","spanish",-6.47735541413665
"776",0.000187937619094952,"conozco","spanish",-8.57940046352127
"777",0.000591528374228225,"estés","spanish",-7.43280090574162
"778",0.00359920167334371,"oficina","spanish",-5.62704321551641
"779",0.00115176766080332,"lugar","spanish",-6.76645742037971
"780",0.00317121941885395,"grandes","spanish",-5.75363909034396
"781",0.00152276447215622,"madres","spanish",-6.4872278643321
"782",0.00815779610030984,"andado","spanish",-4.80878123223219
"783",2.44195437876084e-05,"nueva","spanish",-10.6201267713723
"784",0.00499253814810073,"esencias","spanish",-5.29981085162173
"785",0.00072642422615761,"escribir","spanish",-7.22737638024542
"786",0.00115490206528564,"edad","spanish",-6.76373973056391
"787",0.000674229070911694,"esposo","spanish",-7.30194063697245
"788",0.0070914069199416,"sientas","spanish",-4.94887152089686
"789",0.00358789865747263,"hámsters","spanish",-5.63018858003603
"790",0.000527754414314414,"libro","spanish",-7.54687950686644
"791",0.00440642116039983,"variadas","spanish",-5.4246924472447
"792",0.000522977070250934,"bici","spanish",-7.55597293759291
"793",0.000844458407966895,"terrible","spanish",-7.07681507341252
"794",0.00133412884127792,"escrito","spanish",-6.6194767534854
"795",0.0055870414533822,"recetas","spanish",-5.18730538891887
"796",0.001813168898154,"tomar","spanish",-6.31267919205925
"797",0.000325616423372743,"dónde","spanish",-8.02979048477398
"798",0.00368388965296254,"director","spanish",-5.60378611408802
"799",0.00216869181570307,"empeora","spanish",-6.13363114312326
"800",0.000890646221034402,"chicos","spanish",-7.02356326766477
"801",0.0040176417821192,"grabaron","spanish",-5.51706016984422
"802",0.000537474622117297,"sueños","spanish",-7.5286290137426
"803",0.000967018695558355,"muchas","spanish",-6.94129272913184
"804",0,"pasó","spanish",-Inf
"805",0.00180839827755604,"tener","spanish",-6.31531375501274
"806",0.00100111099131771,"baches","spanish",-6.90664490435856
"807",0.000983257839852469,"tema","spanish",-6.92463917327711
"808",0.000213400299649462,"máximo","spanish",-8.45234081492956
"809",0.000152305406290584,"mango","spanish",-8.78962280105311
"810",9.19634147842763e-05,"tenía","spanish",-9.29411972539338
"811",0.000719894205779954,"pestaña","spanish",-7.23640629316712
"812",0.00205185551005189,"lugares","spanish",-6.18901076835754
"813",0.00104828283691401,"canadá","spanish",-6.86060184694349
"814",0.0015279498440231,"servicio","spanish",-6.48382841336876
"815",0.00119566302412666,"pintores","spanish",-6.72905441555582
"816",0.00228482235739051,"pintaban","spanish",-6.08146700059443
"817",0.000913561020724013,"daniel","spanish",-6.99816038555503
"818",0.00225630447806714,"época","spanish",-6.09402699077086
"819",0.00142777755972481,"publica","spanish",-6.55163619769906
"820",0.000112289292517902,"pudo","spanish",-9.09443204789035
"821",0.00154315646831617,"médicos","spanish",-6.47392530548229
"822",0.00287090013267273,"necesita","spanish",-5.8531296633062
"823",0.000443726943643006,"dárselo","spanish",-7.7203011765121
"824",0.000969053723287565,"malayo","spanish",-6.93919050562113
"825",0.000712130491842727,"fácil","spanish",-7.24724938828511
"826",0.00222349526498755,"llamas","spanish",-6.10867487754691
"827",0.00782720904961566,"armarlo","spanish",-4.8501492757368
"828",0.000697198875656039,"cataluña","spanish",-7.26843985697599
"829",0.00175150138663223,"cazuela","spanish",-6.34728192364436
"830",0.00212061331445117,"meterme","spanish",-6.15604993286776
"831",0.00444857604845871,"niágara","spanish",-5.41517122312183
"832",0.000199042344806615,"línea","spanish",-8.52199296790299
"833",0,"dejó","spanish",-Inf
"834",0.00177757353072935,"estación","spanish",-6.33250602964356
"835",0.00298722737756473,"cercana","spanish",-5.81340962026008
"836",0.000722014294513127,"mayor","spanish",-7.2334656207728
"837",0.000924337303079214,"equipos","spanish",-6.98643350631337
"838",0.000943905614548726,"rica","spanish",-6.96548438140578
"839",0.00292598702003632,"italia","spanish",-5.83412341247186
"840",0.0124039460124372,"acepten","spanish",-4.38974063018511
"841",0.00246415171248263,"mascotas","spanish",-6.00590766358187
"842",0.000713234793313923,"escribe","spanish",-7.24569988837285
"843",0.000433518459236577,"autobús","spanish",-7.74357618078964
"844",0.002775101253802,"carrera","spanish",-5.88706804459283
"845",0.000567134339619382,"vamos","spanish",-7.47491435175448
"846",0.00838070201367178,"algunas","spanish",-4.78182359548233
"847",0.00105939668777547,"decirme","spanish",-6.85005569536858
"848",0.00277271983357227,"olimpo","spanish",-5.88792655114468
"849",0.00242575162656679,"cargaban","spanish",-6.02161385351728
"850",0.000746821611820027,"problema","spanish",-7.19968420748134
"851",0.00134405215573099,"platos","spanish",-6.61206623128666
"852",0.00102012957794161,"ideal","spanish",-6.88782562255684
"853",0.00198613563848245,"usted","spanish",-6.22156441836883
"854",0.000852642481838906,"modelo","spanish",-7.06717022865007
"855",0.00496885228965986,"rebanada","spanish",-5.30456639317532
"856",0.00145883024349586,"premios","spanish",-6.53012036748165
"857",0.000318591309835286,"coche","spanish",-8.05160143695798
"858",0.000722014294513127,"señor","spanish",-7.2334656207728
"859",0.0025822621943354,"procesos","spanish",-5.95908944472044
"860",0.000665786797007201,"largos","spanish",-7.31454106328852
"861",0.00474983111295873,"amplio","spanish",-5.34964621673427
"862",0.00186033160335093,"nómina","spanish",-6.28700052577579
"863",0.000143833870938626,"campeón","spanish",-8.84685159841976
"864",0.00212764677337658,"paquetes","spanish",-6.15273871123521
"865",0.0036112855766224,"horario","spanish",-5.62369145462352
"866",0.000937010808650438,"trayecto","spanish",-6.97281574041305
"867",0.0105339818749323,"apague","spanish",-4.55314887854779
"868",0.000927058632813707,"japonesa","spanish",-6.9834937443299
"869",0.00152978579927935,"natación","spanish",-6.48262755384979
"870",0.000766914152975529,"termo","spanish",-7.17313568857756
"871",0.00472409271204806,"duran","spanish",-5.35507975508853
"872",0.00178365472917619,"sacar","spanish",-6.3290908010124
"873",0.0019448628295215,"dinero","spanish",-6.24256382906632
